[
	{ "name": "YIELD SIGN", "value": 50 },
	{ "name": "STOP SIGN", "value": 50 },
	{ "name": "KITCHEN KNIFE", "value": 20 },
	{ "name": "STUN GRENADE", "value": 2 },
	{ "name": "SHOVEL", "value": 50 },
	{ "name": "DOUBLE-BARREL", "value": 10 },
	{ "name": "TRAGEDY", "value": 20 },
	{ "name": "COMEDY", "value": 20 },

	{ "name": "COMICALLY LARGE SPOON", "value": 10 },
	{ "name": "AIRHORN", "value": 5 },
	{ "name": "FRIENDSHIP ENDER", "value": 20 },
	{ "name": "STICK", "value": 15 },
	{ "name": "GALVANIZED SQUARE STEEL", "value": 10 },
	{ "name": "BOMB", "value": 10 },
	{ "name": "CONTROLLER", "value": 1 },
	{ "name": "MAJORA'S MASK", "value": 1 },
	{ "name": "DEATH NOTE", "value": 0.5 },
	{ "name": "UNO REVERSE CARD", "value": 5 },
	{ "name": "MASTER SWORD", "value": 5 },
	{ "name": "OCARINA", "value": 2 },
	{ "name": "TOTEM OF UNDYING", "value": 1 },
	{ "name": "DANCE NOTE", "value": 5 },
	{ "name": "UNO REVERSE CARD DX", "value": 1 },
	{ "name": "BOOMBOX", "value": 5 },
	{ "name": "NUCLEAR BOMB", "value": 1 }
]
